 S.No, College Name, City, State
 1,Kgisl instituteof technology,Coimbatore,TamilNadu
2,Kumaraguru,Coimbatore,TamilNadu
3,SRM,Chennai,TamilNadu
4,Anna University Guindy,Chennai,TamilNadu
5,Sona College of Engineering,Salem,TamilNadu
6,Bits Pilani,Pilani,TamilNadu
1,Kgisl instituteof technology,COIMBATORE,TamilNadu
2,Kumaraguru,COIMBATORE,TamilNadu
3,SRM,CHENNAI,TamilNadu
4,Anna University Guindy,CHENNAI,TamilNadu
5,Sona College of Engineering,SALEM,TamilNadu
6,Bits Pilani,PILANI,TamilNadu
1,Kgisl instituteof technology,COIMBATORE,TamilNadu
2,Kumaraguru,COIMBATORE,TamilNadu
3,SRM,CHENNAI,TamilNadu
4,Anna University Guindy,CHENNAI,TamilNadu
5,Sona College of Engineering,SALEM,TamilNadu
6,Bits Pilani,PILANI,TamilNadu
1,Kgisl instituteof technology,COIMBATORE,TamilNadu
2,Kumaraguru,COIMBATORE,TamilNadu
3,SRM,CHENNAI,TamilNadu
4,Anna University Guindy,CHENNAI,TamilNadu
5,Sona College of Engineering,SALEM,TamilNadu
6,Bits Pilani,PILANI,TamilNadu
1,Kgisl instituteof technology,COIMBATORE,TamilNadu
2,Kumaraguru,COIMBATORE,TamilNadu
3,SRM,CHENNAI,TamilNadu
4,Anna University Guindy,CHENNAI,TamilNadu
5,Sona College of Engineering,SALEM,TamilNadu
6,Bits Pilani,PILANI,TamilNadu
1,Kgisl instituteof technology,COIMBATORE,TamilNadu
2,Kumaraguru,COIMBATORE,TamilNadu
3,SRM,CHENNAI,TamilNadu
4,Anna University Guindy,CHENNAI,TamilNadu
5,Sona College of Engineering,SALEM,TamilNadu
6,Bits Pilani,PILANI,TamilNadu
1,Kgisl instituteof technology,COIMBATORE,TamilNadu
2,Kumaraguru,COIMBATORE,TamilNadu
3,SRM,CHENNAI,TamilNadu
4,Anna University Guindy,CHENNAI,TamilNadu
5,Sona College of Engineering,SALEM,TamilNadu
6,Bits Pilani,PILANI,TamilNadu
1,Kgisl instituteof technology,COIMBATORE,TamilNadu
2,Kumaraguru,COIMBATORE,TamilNadu
3,SRM,CHENNAI,TamilNadu
4,Anna University Guindy,CHENNAI,TamilNadu
5,Sona College of Engineering,SALEM,TamilNadu
6,Bits Pilani,PILANI,TamilNadu
1,Kgisl instituteof technology,COIMBATORE,TamilNadu
2,Kumaraguru,COIMBATORE,TamilNadu
3,SRM,CHENNAI,TamilNadu
4,Anna University Guindy,CHENNAI,TamilNadu
5,Sona College of Engineering,SALEM,TamilNadu
6,Bits Pilani,PILANI,TamilNadu
1,Kgisl instituteof technology,COIMBATORE,TamilNadu
2,Kumaraguru,COIMBATORE,TamilNadu
3,SRM,CHENNAI,TamilNadu
4,Anna University Guindy,CHENNAI,TamilNadu
5,Sona College of Engineering,SALEM,TamilNadu
6,Bits Pilani,PILANI,TamilNadu
1,Kgisl instituteof technology,COIMBATORE,TamilNadu
2,Kumaraguru,COIMBATORE,TamilNadu
3,SRM,CHENNAI,TamilNadu
4,Anna University Guindy,CHENNAI,TamilNadu
5,Sona College of Engineering,SALEM,TamilNadu
6,Bits Pilani,PILANI,TamilNadu
1,Kgisl instituteof technology,COIMBATORE,TamilNadu
2,Kumaraguru,COIMBATORE,TamilNadu
3,SRM,CHENNAI,TamilNadu
4,Anna University Guindy,CHENNAI,TamilNadu
5,Sona College of Engineering,SALEM,TamilNadu
6,Bits Pilani,PILANI,TamilNadu
1,Kgisl instituteof technology,COIMBATORE,TamilNadu
2,Kumaraguru,COIMBATORE,TamilNadu
3,SRM,CHENNAI,TamilNadu
4,Anna University Guindy,CHENNAI,TamilNadu
5,Sona College of Engineering,SALEM,TamilNadu
6,Bits Pilani,PILANI,TamilNadu
1,Kgisl instituteof technology,COIMBATORE,TamilNadu
2,Kumaraguru,COIMBATORE,TamilNadu
3,SRM,CHENNAI,TamilNadu
4,Anna University Guindy,CHENNAI,TamilNadu
5,Sona College of Engineering,SALEM,TamilNadu
6,Bits Pilani,PILANI,TamilNadu
1,Kgisl instituteof technology,COIMBATORE,TamilNadu
2,Kumaraguru,COIMBATORE,TamilNadu
3,SRM,CHENNAI,TamilNadu
4,Anna University Guindy,CHENNAI,TamilNadu
5,Sona College of Engineering,SALEM,TamilNadu
6,Bits Pilani,PILANI,TamilNadu
1,Kgisl instituteof technology,COIMBATORE,TamilNadu
2,Kumaraguru,COIMBATORE,TamilNadu
3,SRM,CHENNAI,TamilNadu
4,Anna University Guindy,CHENNAI,TamilNadu
5,Sona College of Engineering,SALEM,TamilNadu
6,Bits Pilani,PILANI,TamilNadu
1,Kgisl instituteof technology,COIMBATORE,TamilNadu
2,Kumaraguru,COIMBATORE,TamilNadu
3,SRM,CHENNAI,TamilNadu
4,Anna University Guindy,CHENNAI,TamilNadu
5,Sona College of Engineering,SALEM,TamilNadu
6,Bits Pilani,PILANI,TamilNadu
1,Kgisl instituteof technology,COIMBATORE,TamilNadu
2,Kumaraguru,COIMBATORE,TamilNadu
3,SRM,CHENNAI,TamilNadu
4,Anna University Guindy,CHENNAI,TamilNadu
5,Sona College of Engineering,SALEM,TamilNadu
6,Bits Pilani,PILANI,TamilNadu
1,Kgisl instituteof technology,COIMBATORE,TamilNadu
2,Kumaraguru,COIMBATORE,TamilNadu
3,SRM,CHENNAI,TamilNadu
4,Anna University Guindy,CHENNAI,TamilNadu
5,Sona College of Engineering,SALEM,TamilNadu
6,Bits Pilani,PILANI,TamilNadu
